hostname,tags
01.upaas.unionpay.com,
1.upaas.unionpay.com,
10.unionpay.com,
10.upaas.unionpay.com,
111.upaas.unionpay.com,
12.upaas.unionpay.com,
14.upaas.unionpay.com,
17.upaas.unionpay.com,
19.upaas.unionpay.com,
2.upaas.unionpay.com,
2011.unionpay.com,
4.upaas.unionpay.com,
5.upaas.unionpay.com,
51.unionpay.com,
559sp1gliuogt9iitq.upaas.unionpay.com,
62.unionpay.com,
62tj.unionpay.com,
95516.unionpay.com,
9e0411i-uvn0ftsw0ad83q-c2vlyjmx.upaas.unionpay.com,
a.auth-ns.upaas.unionpay.com,
a1.merchant.unionpay.com,
a1.upaas.unionpay.com,
a2.merchant.unionpay.com,
abc.upaas.unionpay.com,
about.upaas.unionpay.com,
academico.upaas.unionpay.com,
acceso.upaas.unionpay.com,
acid.upaas.unionpay.com,
adkit.upaas.unionpay.com,
admin.upaas.unionpay.com,
administracion.upaas.unionpay.com,
ads.upaas.unionpay.com,
adsl.upaas.unionpay.com,
af.upaas.unionpay.com,
afiliados.upaas.unionpay.com,
ag.upaas.unionpay.com,
airpoint.unionpay.com,
aishiphongzhishi.upaas.unionpay.com,
aix.upaas.unionpay.com,
akamai.upaas.unionpay.com,
alabama.upaas.unionpay.com,
alaska.upaas.unionpay.com,
albuquerque.upaas.unionpay.com,
alerts.upaas.unionpay.com,
alpha.upaas.unionpay.com,
americas.upaas.unionpay.com,
an.upaas.unionpay.com,
anaheim.upaas.unionpay.com,
analyzer.upaas.unionpay.com,
anquan.unionpay.com,
antivirus.upaas.unionpay.com,
api.upaas.unionpay.com,
apollo.upaas.unionpay.com,
app1.upaas.unionpay.com,
appdownload.unionpay.com,
appserver.upaas.unionpay.com,
appstore-0.upaas.unionpay.com,
appstore-2.upaas.unionpay.com,
appstore-5.upaas.unionpay.com,
appstore-8.upaas.unionpay.com,
appstore.upaas.unionpay.com,
appstore0.upaas.unionpay.com,
appstore2.upaas.unionpay.com,
appstore4.upaas.unionpay.com,
appstore6.upaas.unionpay.com,
appstore7.upaas.unionpay.com,
appstore8.upaas.unionpay.com,
apwapqa.unionpay.com,
aq.upaas.unionpay.com,
arizona.upaas.unionpay.com,
arlington.upaas.unionpay.com,
as400.upaas.unionpay.com,
atlanta.upaas.unionpay.com,
atm.upaas.unionpay.com,
atp1000.unionpay.com,
att.upaas.unionpay.com,
au.upaas.unionpay.com,
auto.upaas.unionpay.com,
autodiscover.upaas.unionpay.com,
autorun.upaas.unionpay.com,
av.upaas.unionpay.com,
ayuda.upaas.unionpay.com,
b.auth-ns.upaas.unionpay.com,
b.upaas.unionpay.com,
b02.upaas.unionpay.com,
b1.upaas.unionpay.com,
b2c.upaas.unionpay.com,
backup.upaas.unionpay.com,
balancer.upaas.unionpay.com,
baltimore.upaas.unionpay.com,
bank-0.upaas.unionpay.com,
bank-2.upaas.unionpay.com,
bank-4.upaas.unionpay.com,
bank-6.upaas.unionpay.com,
bank-7.upaas.unionpay.com,
bank-9.upaas.unionpay.com,
bank.upaas.unionpay.com,
bank0.upaas.unionpay.com,
bank1.upaas.unionpay.com,
bank3.upaas.unionpay.com,
bank4.upaas.unionpay.com,
bank6.upaas.unionpay.com,
bank8.upaas.unionpay.com,
bank9.upaas.unionpay.com,
banking.upaas.unionpay.com,
bbs.unionpay.com,
bd-0.upaas.unionpay.com,
bd-2.upaas.unionpay.com,
bd-5.upaas.unionpay.com,
bd-6.upaas.unionpay.com,
bd.upaas.unionpay.com,
bd0.upaas.unionpay.com,
bd4.upaas.unionpay.com,
bd6.upaas.unionpay.com,
bdp.upaas.unionpay.com,
bea.upaas.unionpay.com,
bedjmxa9-6t39cq1qm3hxh285asz7ns.auth-ns.upaas.unionpay.com,
bf.upaas.unionpay.com,
bg.upaas.unionpay.com,
bijiayouke.upaas.unionpay.com,
billcloud.unionpay.com,
billing.upaas.unionpay.com,
biz.upaas.unionpay.com,
bj.upaas.unionpay.com,
blackberry.upaas.unionpay.com,
bm.upaas.unionpay.com,
bmws.upaas.unionpay.com,
bof.upaas.unionpay.com,
boise.upaas.unionpay.com,
boston.upaas.unionpay.com,
boy.upaas.unionpay.com,
br.upaas.unionpay.com,
bravo.upaas.unionpay.com,
bronze.upaas.unionpay.com,
bsd.upaas.unionpay.com,
bsd01.upaas.unionpay.com,
bsd2.upaas.unionpay.com,
bug.upaas.unionpay.com,
buggalo.upaas.unionpay.com,
bugs.upaas.unionpay.com,
bugzilla.upaas.unionpay.com,
build.upaas.unionpay.com,
bulletins.upaas.unionpay.com,
burn.upaas.unionpay.com,
burner.upaas.unionpay.com,
business.unionpay.com,
buy.upaas.unionpay.com,
bw.upaas.unionpay.com,
c.auth-ns.upaas.unionpay.com,
c.upaas.unionpay.com,
ca.upaas.unionpay.com,
cad.unionpay.com,
california.upaas.unionpay.com,
canal.upaas.unionpay.com,
card.unionpay.com,
careers.upaas.unionpay.com,
cas.upaas.unionpay.com,
cert.unionpay.com,
cfduid.upaas.unionpay.com,
cgi.upaas.unionpay.com,
chatserver.upaas.unionpay.com,
check.upaas.unionpay.com,
china.unionpay.com,
ci.upaas.unionpay.com,
cims.upaas.unionpay.com,
cincinnati.upaas.unionpay.com,
citrix.upaas.unionpay.com,
cl.upaas.unionpay.com,
classes.upaas.unionpay.com,
cleveland.upaas.unionpay.com,
clicktrack.upaas.unionpay.com,
client.upaas.unionpay.com,
clients.upaas.unionpay.com,
cm.upaas.unionpay.com,
cmail.upaas.unionpay.com,
cmsp.mobile.unionpay.com,
cn.unionpay.com,
cn.upaas.unionpay.com,
cocoa.upaas.unionpay.com,
college.upaas.unionpay.com,
colombus.upaas.unionpay.com,
colorado.upaas.unionpay.com,
com.upaas.unionpay.com,
commerceserver.upaas.unionpay.com,
community.upaas.unionpay.com,
compaq.upaas.unionpay.com,
con.upaas.unionpay.com,
concentrator.upaas.unionpay.com,
conf.upaas.unionpay.com,
conference.upaas.unionpay.com,
conferencing.upaas.unionpay.com,
confidential.upaas.unionpay.com,
connect.upaas.unionpay.com,
console.upaas.unionpay.com,
consult.upaas.unionpay.com,
consumer.upaas.unionpay.com,
contact.upaas.unionpay.com,
contracts.upaas.unionpay.com,
core.upaas.unionpay.com,
core01.upaas.unionpay.com,
corp.upaas.unionpay.com,
corporate.unionpay.com,
corporate.upaas.unionpay.com,
correo.upaas.unionpay.com,
correoweb.upaas.unionpay.com,
counterstrike.upaas.unionpay.com,
courses.upaas.unionpay.com,
cs.unionpay.com,
cs.upaas.unionpay.com,
cso.upaas.unionpay.com,
ct.upaas.unionpay.com,
ctq.unionpay.com,
cu.upaas.unionpay.com,
cupreport.unionpay.com,
cust101.upaas.unionpay.com,
cust104.upaas.unionpay.com,
cust106.upaas.unionpay.com,
cust114.upaas.unionpay.com,
cust115.upaas.unionpay.com,
cust116.upaas.unionpay.com,
cust12.upaas.unionpay.com,
cust121.upaas.unionpay.com,
cust124.upaas.unionpay.com,
cust125.upaas.unionpay.com,
cust126.upaas.unionpay.com,
cust15.upaas.unionpay.com,
cust18.upaas.unionpay.com,
cust2.upaas.unionpay.com,
cust21.upaas.unionpay.com,
cust22.upaas.unionpay.com,
cust24.upaas.unionpay.com,
cust27.upaas.unionpay.com,
cust28.upaas.unionpay.com,
cust3.upaas.unionpay.com,
cust31.upaas.unionpay.com,
cust33.upaas.unionpay.com,
cust35.upaas.unionpay.com,
cust36.upaas.unionpay.com,
cust37.upaas.unionpay.com,
cust39.upaas.unionpay.com,
cust4.upaas.unionpay.com,
cust40.upaas.unionpay.com,
cust43.upaas.unionpay.com,
cust46.upaas.unionpay.com,
cust47.upaas.unionpay.com,
cust53.upaas.unionpay.com,
cust54.upaas.unionpay.com,
cust55.upaas.unionpay.com,
cust56.upaas.unionpay.com,
cust59.upaas.unionpay.com,
cust6.upaas.unionpay.com,
cust61.upaas.unionpay.com,
cust66.upaas.unionpay.com,
cust67.upaas.unionpay.com,
cust69.upaas.unionpay.com,
cust7.upaas.unionpay.com,
cust74.upaas.unionpay.com,
cust77.upaas.unionpay.com,
cust80.upaas.unionpay.com,
cust82.upaas.unionpay.com,
cust85.upaas.unionpay.com,
cust86.upaas.unionpay.com,
cust90.upaas.unionpay.com,
cust91.upaas.unionpay.com,
cust92.upaas.unionpay.com,
cust93.upaas.unionpay.com,
customer.upaas.unionpay.com,
cx.upaas.unionpay.com,
cy.upaas.unionpay.com,
cz.upaas.unionpay.com,
d.upaas.unionpay.com,
dallas.upaas.unionpay.com,
data.upaas.unionpay.com,
database1.upaas.unionpay.com,
datastore.upaas.unionpay.com,
david.upaas.unionpay.com,
day.upaas.unionpay.com,
db02.upaas.unionpay.com,
de.upaas.unionpay.com,
dealers.upaas.unionpay.com,
demos.upaas.unionpay.com,
depot.upaas.unionpay.com,
descargas.upaas.unionpay.com,
design.upaas.unionpay.com,
designer.upaas.unionpay.com,
desktop.upaas.unionpay.com,
dev.upaas.unionpay.com,
dev0.upaas.unionpay.com,
dev01.upaas.unionpay.com,
deve.upaas.unionpay.com,
devel.upaas.unionpay.com,
development.upaas.unionpay.com,
dial.upaas.unionpay.com,
dilbert.upaas.unionpay.com,
dir.upaas.unionpay.com,
discuss.upaas.unionpay.com,
disk.upaas.unionpay.com,
dj0.upaas.unionpay.com,
dk.upaas.unionpay.com,
dmail.upaas.unionpay.com,
dns0.upaas.unionpay.com,
dns3.upaas.unionpay.com,
do.upaas.unionpay.com,
doom.upaas.unionpay.com,
download.upaas.unionpay.com,
dragon.upaas.unionpay.com,
dynamic.upaas.unionpay.com,
dynip.upaas.unionpay.com,
e.unionpay.com,
eagle.upaas.unionpay.com,
earth.upaas.unionpay.com,
east.upaas.unionpay.com,
ebpp.unionpay.com,
edu.unionpay.com,
edu.upaas.unionpay.com,
education.upaas.unionpay.com,
edward.upaas.unionpay.com,
eg.upaas.unionpay.com,
elpaso.upaas.unionpay.com,
en.unionpay.com,
eng.upaas.unionpay.com,
engine.upaas.unionpay.com,
enotes.unionpay.com,
epozg6xx79jj4tr7mkavped07ix1pq4.auth-ns.upaas.unionpay.com,
epsilon.upaas.unionpay.com,
er.upaas.unionpay.com,
es.upaas.unionpay.com,
esb.unionpay.com,
evadata.upaas.unionpay.com,
evaweb.upaas.unionpay.com,
events.upaas.unionpay.com,
evoucher.unionpay.com,
exchange.upaas.unionpay.com,
extranet.upaas.unionpay.com,
f.upaas.unionpay.com,
faststats.upaas.unionpay.com,
fengkongbigping.upaas.unionpay.com,
fileserver.upaas.unionpay.com,
fl.upaas.unionpay.com,
flash.upaas.unionpay.com,
flow.upaas.unionpay.com,
fo.upaas.unionpay.com,
fontstore.upaas.unionpay.com,
foobar.upaas.unionpay.com,
fortworth.upaas.unionpay.com,
forum.upaas.unionpay.com,
foto.upaas.unionpay.com,
fotos.upaas.unionpay.com,
fox.upaas.unionpay.com,
foxtrot.upaas.unionpay.com,
fr.unionpay.com,
fr.upaas.unionpay.com,
freebsd02.upaas.unionpay.com,
freebsd1.upaas.unionpay.com,
freebsd2.upaas.unionpay.com,
fs.upaas.unionpay.com,
ftp.upaas.unionpay.com,
ftp0.upaas.unionpay.com,
ftp2.upaas.unionpay.com,
ftpserver.upaas.unionpay.com,
fundsettlement.unionpay.com,
fw-1.upaas.unionpay.com,
ga.upaas.unionpay.com,
galleries.upaas.unionpay.com,
gamma.upaas.unionpay.com,
gandalf.upaas.unionpay.com,
gateway.unionpay.com,
gateway.upaas.unionpay.com,
gateway2.unionpay.com,
gauss.upaas.unionpay.com,
gemini.upaas.unionpay.com,
germany.upaas.unionpay.com,
gg.upaas.unionpay.com,
gl.upaas.unionpay.com,
gmproject.unionpay.com,
go.upaas.unionpay.com,
goldmine.upaas.unionpay.com,
golf.upaas.unionpay.com,
gome.unionpay.com,
gopher.upaas.unionpay.com,
gq.unionpay.com,
gq.upaas.unionpay.com,
gt1.upaas.unionpay.com,
guizhouhulianwang.unionpay.com,
gwk.upaas.unionpay.com,
gz2010.unionpay.com,
haigou.unionpay.com,
hawaii.upaas.unionpay.com,
hermes.upaas.unionpay.com,
hi.upaas.unionpay.com,
hidden.upaas.unionpay.com,
hm.upaas.unionpay.com,
hn5zni9zdw124onjblxw9oz.upaas.unionpay.com,
hobbes.upaas.unionpay.com,
home.upaas.unionpay.com,
honolulu.upaas.unionpay.com,
host4.upaas.unionpay.com,
host5.upaas.unionpay.com,
hotel.unionpay.com,
howto.upaas.unionpay.com,
hrpre.unionpay.com,
hu.upaas.unionpay.com,
huankuan.unionpay.com,
ia.upaas.unionpay.com,
ibkuser-0.upaas.unionpay.com,
ibkuser-2.upaas.unionpay.com,
ibkuser-5.upaas.unionpay.com,
ibkuser-7.upaas.unionpay.com,
ibkuser-8.upaas.unionpay.com,
ibkuser-9.upaas.unionpay.com,
ibkuser.upaas.unionpay.com,
ibkuser1.upaas.unionpay.com,
ibkuser5.upaas.unionpay.com,
ibkuser7.upaas.unionpay.com,
ibkuser8.upaas.unionpay.com,
idaho.upaas.unionpay.com,
ids.upaas.unionpay.com,
ie.upaas.unionpay.com,
iis.upaas.unionpay.com,
illinois.upaas.unionpay.com,
im.upaas.unionpay.com,
image.haigou.unionpay.com,
imail.upaas.unionpay.com,
img.upaas.unionpay.com,
img01.upaas.unionpay.com,
img02.upaas.unionpay.com,
incoming.upaas.unionpay.com,
install.upaas.unionpay.com,
intern.upaas.unionpay.com,
international.upaas.unionpay.com,
invalid.upaas.unionpay.com,
ipsec.upaas.unionpay.com,
iq.upaas.unionpay.com,
isaserv.upaas.unionpay.com,
ismstest2.idc.unionpay.com,
israel.upaas.unionpay.com,
j0p31tmlzk8zt7645xfj3.upaas.unionpay.com,
janus.upaas.unionpay.com,
java.upaas.unionpay.com,
jddctf.upaas.unionpay.com,
jiaju.upaas.unionpay.com,
jiaotong.unionpay.com,
jinrongicka.unionpay.com,
jm.upaas.unionpay.com,
jo.upaas.unionpay.com,
join.unionpay.com,
jointw.unionpay.com,
jp.unionpay.com,
kayou2013.unionpay.com,
ke.upaas.unionpay.com,
kerberos.upaas.unionpay.com,
kg.upaas.unionpay.com,
km.upaas.unionpay.com,
kr.unionpay.com,
kz.upaas.unionpay.com,
lab.unionpay.com,
lab.upaas.unionpay.com,
laptop.upaas.unionpay.com,
laserjet.upaas.unionpay.com,
lb.upaas.unionpay.com,
lebo.upaas.unionpay.com,
legal.upaas.unionpay.com,
leo.upaas.unionpay.com,
link.upaas.unionpay.com,
linux.upaas.unionpay.com,
linux02.upaas.unionpay.com,
lista.upaas.unionpay.com,
lists.upaas.unionpay.com,
listserver.upaas.unionpay.com,
log1.upaas.unionpay.com,
logs.upaas.unionpay.com,
longbeach.upaas.unionpay.com,
lotus.upaas.unionpay.com,
lp1.unionpay.com,
lp2.unionpay.com,
luke.upaas.unionpay.com,
lv.upaas.unionpay.com,
m-3.upaas.unionpay.com,
m-4.upaas.unionpay.com,
m-5.upaas.unionpay.com,
m.haigou.unionpay.com,
m.unionpay.com,
m.upaas.unionpay.com,
m2.upaas.unionpay.com,
m5.upaas.unionpay.com,
m9.upaas.unionpay.com,
mac.upaas.unionpay.com,
mac1.upaas.unionpay.com,
mac10.upaas.unionpay.com,
mac3.upaas.unionpay.com,
mail.unionpay.com,
mail.upaas.unionpay.com,
mailer.upaas.unionpay.com,
mailmobile.unionpay.com,
mailroom.upaas.unionpay.com,
mailsrv.upaas.unionpay.com,
mailsso.unionpay.com,
maint.upaas.unionpay.com,
mall.upaas.unionpay.com,
manage.upaas.unionpay.com,
manufacturing.upaas.unionpay.com,
mary.upaas.unionpay.com,
max.upaas.unionpay.com,
mddvk689-45eygaevvjtowy64kiho74.auth-ns.upaas.unionpay.com,
media.upaas.unionpay.com,
medicare-tecsun.fpsd.unionpay.com,
meeting.unionpay.com,
member.unionpay.com,
merchant.info.unionpay.com,
merchant.unionpay.com,
merchant.upaas.unionpay.com,
mg.upaas.unionpay.com,
mgate.info.unionpay.com,
mgate.unionpay.com,
minipay.info.unionpay.com,
minipay.unionpay.com,
minipayvpn.unionpay.com,
mips.unionpay.com,
mirror.upaas.unionpay.com,
mis.upaas.unionpay.com,
missouri.upaas.unionpay.com,
mngt.upaas.unionpay.com,
mobile.unionpay.com,
mobileimg.unionpay.com,
mobilemail.upaas.unionpay.com,
mobileoa.unionpay.com,
monitor.upaas.unionpay.com,
mp4.upaas.unionpay.com,
mpay.unionpay.com,
ms-exchange.upaas.unionpay.com,
mssql.upaas.unionpay.com,
mssql0.upaas.unionpay.com,
mtconsole.unionpay.com,
nameserv.upaas.unionpay.com,
neirong.upaas.unionpay.com,
netstats.upaas.unionpay.com,
network.upaas.unionpay.com,
ni.upaas.unionpay.com,
nm.upaas.unionpay.com,
nmgic.unionpay.com,
northwest.upaas.unionpay.com,
np.upaas.unionpay.com,
ns-.upaas.unionpay.com,
ns2.upaas.unionpay.com,
nt4.upaas.unionpay.com,
nu.upaas.unionpay.com,
ny.upaas.unionpay.com,
oavpn.unionpay.com,
oaweixin.unionpay.com,
old.unionpay.com,
omega.upaas.unionpay.com,
online.unionpay.com,
open.unionpay.com,
openview.upaas.unionpay.com,
orion.upaas.unionpay.com,
oscar.upaas.unionpay.com,
ows.upaas.unionpay.com,
p.upaas.unionpay.com,
pan.unionpay.com,
paris.upaas.unionpay.com,
pass.info.unionpay.com,
pass.unionpay.com,
pay.unionpay.com,
pc10.upaas.unionpay.com,
pc11.upaas.unionpay.com,
pc30.upaas.unionpay.com,
pc39.upaas.unionpay.com,
pc42.upaas.unionpay.com,
pc44.upaas.unionpay.com,
pc48.upaas.unionpay.com,
pc54.upaas.unionpay.com,
pc6.upaas.unionpay.com,
pcmail.upaas.unionpay.com,
peoplesoft.upaas.unionpay.com,
phi.upaas.unionpay.com,
pictures.upaas.unionpay.com,
pipex-gw.upaas.unionpay.com,
pjnbf-2yude7-sj619xanbn84nu6qsc.auth-ns.upaas.unionpay.com,
pki.upaas.unionpay.com,
plat.haigou.unionpay.com,
pop3.upaas.unionpay.com,
portal.info.unionpay.com,
postoffice.upaas.unionpay.com,
ppp16.upaas.unionpay.com,
ppp4.upaas.unionpay.com,
premium.unionpay.com,
product.unionpay.com,
promo.unionpay.com,
promomap.unionpay.com,
pw.upaas.unionpay.com,
quanyi.unionpay.com,
queen.upaas.unionpay.com,
quickpass.shandong.unionpay.com,
quotes.upaas.unionpay.com,
r.upaas.unionpay.com,
rc.upaas.unionpay.com,
recruiting.upaas.unionpay.com,
reg.upaas.unionpay.com,
registry.upaas.unionpay.com,
renqiaoju.upaas.unionpay.com,
rj.upaas.unionpay.com,
rps.upaas.unionpay.com,
rwhois.upaas.unionpay.com,
rzt.unionpay.com,
sale.unionpay.com,
samp.upaas.unionpay.com,
sanfrancisco.upaas.unionpay.com,
sc.fpsd.unionpay.com,
sc.upaas.unionpay.com,
scotty.upaas.unionpay.com,
seattle.upaas.unionpay.com,
security.unionpay.com,
shandong.unionpay.com,
shandongdf.unionpay.com,
sharepoint.upaas.unionpay.com,
sign.unionpay.com,
slackware.upaas.unionpay.com,
sm.upaas.unionpay.com,
smtp.upaas.unionpay.com,
sniffer.upaas.unionpay.com,
sol.upaas.unionpay.com,
soporte.upaas.unionpay.com,
spec.unionpay.com,
srf.upaas.unionpay.com,
stlouis.upaas.unionpay.com,
submail.unionpay.com,
summer.unionpay.com,
supplier.unionpay.com,
suppliers.upaas.unionpay.com,
survey.unionpay.com,
syy.unionpay.com,
sz.upaas.unionpay.com,
szwgzf.unionpay.com,
taiwan.upaas.unionpay.com,
tax.unionpay.com,
tc.unionpay.com,
tech.upaas.unionpay.com,
temp.upaas.unionpay.com,
termserv.upaas.unionpay.com,
test.unionpay.com,
testasp.upaas.unionpay.com,
testaspnet.upaas.unionpay.com,
texas.upaas.unionpay.com,
tgsso-1.upaas.unionpay.com,
tgsso-2.upaas.unionpay.com,
tgsso-5.upaas.unionpay.com,
tgsso-7.upaas.unionpay.com,
tgsso-8.upaas.unionpay.com,
tgsso-9.upaas.unionpay.com,
tgsso.upaas.unionpay.com,
tgsso2.upaas.unionpay.com,
tgsso4.upaas.unionpay.com,
tgsso6.upaas.unionpay.com,
tms.upaas.unionpay.com,
tn.upaas.unionpay.com,
tokyo.upaas.unionpay.com,
tool.upaas.unionpay.com,
travel.upaas.unionpay.com,
travel7.upaas.unionpay.com,
trinidad.upaas.unionpay.com,
trinity.upaas.unionpay.com,
trip.unionpay.com,
tsm.unionpay.com,
tw.upaas.unionpay.com,
u62.upaas.unionpay.com,
udsp-7.upaas.unionpay.com,
udsp.upaas.unionpay.com,
udsp1.upaas.unionpay.com,
udsp4.upaas.unionpay.com,
ugc.upaas.unionpay.com,
unionpay.com,
uosp.info.unionpay.com,
uosp.unionpay.com,
upaas.unionpay.com,
updates.upaas.unionpay.com,
uplink.unionpay.com,
upload.upaas.unionpay.com,
ups.upaas.unionpay.com,
upsilon.upaas.unionpay.com,
upstudy.unionpay.com,
uptennis.unionpay.com,
urchin.upaas.unionpay.com,
us.upaas.unionpay.com,
use.upaas.unionpay.com,
usenet.upaas.unionpay.com,
users.upaas.unionpay.com,
uws.unionpay.com,
uy.upaas.unionpay.com,
vader.upaas.unionpay.com,
vantive.upaas.unionpay.com,
vegas.upaas.unionpay.com,
victor.upaas.unionpay.com,
violet.upaas.unionpay.com,
vista.upaas.unionpay.com,
vnc.upaas.unionpay.com,
voice.upaas.unionpay.com,
voicemail.upaas.unionpay.com,
voicepay.unionpay.com,
vpn.unionpay.com,
vpn0.upaas.unionpay.com,
vpn2.upaas.unionpay.com,
webadmin.upaas.unionpay.com,
webcam.upaas.unionpay.com,
webdocs.upaas.unionpay.com,
webfarm.upaas.unionpay.com,
webhelp.upaas.unionpay.com,
weblib.upaas.unionpay.com,
webmail.unionpay.com,
website.upaas.unionpay.com,
webstore.upaas.unionpay.com,
whois.upaas.unionpay.com,
wichita.upaas.unionpay.com,
win.upaas.unionpay.com,
win2k3.upaas.unionpay.com,
winnt.upaas.unionpay.com,
wins.upaas.unionpay.com,
wishes.unionpay.com,
wonder.unionpay.com,
worktile.unionpay.com,
world.upaas.unionpay.com,
wqsource.upaas.unionpay.com,
write.upaas.unionpay.com,
ws.upaas.unionpay.com,
wtt.upaas.unionpay.com,
www-2.upaas.unionpay.com,
www.en.unionpay.com,
www.online.unionpay.com,
www.unionpay.com,
www02.upaas.unionpay.com,
www1.upaas.unionpay.com,
wwwmail.upaas.unionpay.com,
wyoming.upaas.unionpay.com,
xmapi2.unionpay.com,
xmas.unionpay.com,
xminos.unionpay.com,
xmqr.upaas.unionpay.com,
xp.upaas.unionpay.com,
yq69z1f9cwd1uox6xi3d59n6t-ugh1o.upaas.unionpay.com,
yun.unionpay.com,
z-log.upaas.unionpay.com,
za.upaas.unionpay.com,
zbt.unionpay.com,
zfstudy.unionpay.com,
zhaopin.unionpay.com,
zlog.upaas.unionpay.com,
zm.upaas.unionpay.com,